Series Name,Series Code,Country Name,Country Code,2018 [YR2018],2021 [YR2021]
"Agriculture, forestry, and fishing, value added (% of GDP)",NV.AGR.TOTL.ZS,Afghanistan,AFG,22.04289675,..
"Agriculture, forestry, and fishing, value added (% of GDP)",NV.AGR.TOTL.ZS,Albania,ALB,18.42947925,17.68324999
"Agriculture, forestry, and fishing, value added (% of GDP)",NV.AGR.TOTL.ZS,Algeria,DZA,11.87420085,12.29601339
"Agriculture, forestry, and fishing, value added (% of GDP)",NV.AGR.TOTL.ZS,American Samoa,ASM,..,..
"Agriculture, forestry, and fishing, value added (% of GDP)",NV.AGR.TOTL.ZS,Andorra,AND,..,..
"Agriculture, forestry, and fishing, value added (% of GDP)",NV.AGR.TOTL.ZS,Angola,AGO,8.607741802,9.016303595
"Agriculture, forestry, and fishing, value added (% of GDP)",NV.AGR.TOTL.ZS,Antigua and Barbuda,ATG,1.735911717,2.16286845
"Agriculture, forestry, and fishing, value added (% of GDP)",NV.AGR.TOTL.ZS,Argentina,ARG,4.537878897,6.86985631
"Agriculture, forestry, and fishing, value added (% of GDP)",NV.AGR.TOTL.ZS,Armenia,ARM,13.94231166,11.10929141
"Agriculture, forestry, and fishing, value added (% of GDP)",NV.AGR.TOTL.ZS,Aruba,ABW,..,..
"Agriculture, forestry, and fishing, value added (% of GDP)",NV.AGR.TOTL.ZS,Australia,AUS,2.457803973,2.267623282
"Agriculture, forestry, and fishing, value added (% of GDP)",NV.AGR.TOTL.ZS,Austria,AUT,1.130155508,1.095853754
"Agriculture, forestry, and fishing, value added (% of GDP)",NV.AGR.TOTL.ZS,Azerbaijan,AZE,5.212505619,5.876626279
"Agriculture, forestry, and fishing, value added (% of GDP)",NV.AGR.TOTL.ZS,"Bahamas, The",BHS,0.681258722,0.489802473
"Agriculture, forestry, and fishing, value added (% of GDP)",NV.AGR.TOTL.ZS,Bahrain,BHR,0.288059552,0.282221554
"Agriculture, forestry, and fishing, value added (% of GDP)",NV.AGR.TOTL.ZS,Bangladesh,BGD,12.48007719,11.63285843
"Agriculture, forestry, and fishing, value added (% of GDP)",NV.AGR.TOTL.ZS,Barbados,BRB,1.435875635,..
"Agriculture, forestry, and fishing, value added (% of GDP)",NV.AGR.TOTL.ZS,Belarus,BLR,6.590107726,6.803809348
"Agriculture, forestry, and fishing, value added (% of GDP)",NV.AGR.TOTL.ZS,Belgium,BEL,0.602988491,0.585160477
"Agriculture, forestry, and fishing, value added (% of GDP)",NV.AGR.TOTL.ZS,Belize,BLZ,9.561592754,11.36965806
"Agriculture, forestry, and fishing, value added (% of GDP)",NV.AGR.TOTL.ZS,Benin,BEN,28.06477391,..
"Agriculture, forestry, and fishing, value added (% of GDP)",NV.AGR.TOTL.ZS,Bermuda,BMU,0.234985525,..
"Agriculture, forestry, and fishing, value added (% of GDP)",NV.AGR.TOTL.ZS,Bhutan,BTN,15.99124824,..
"Agriculture, forestry, and fishing, value added (% of GDP)",NV.AGR.TOTL.ZS,Bolivia,BOL,11.48192415,12.92225272
"Agriculture, forestry, and fishing, value added (% of GDP)",NV.AGR.TOTL.ZS,Bosnia and Herzegovina,BIH,5.88543546,5.692245283
"Agriculture, forestry, and fishing, value added (% of GDP)",NV.AGR.TOTL.ZS,Botswana,BWA,2.055350722,..
"Agriculture, forestry, and fishing, value added (% of GDP)",NV.AGR.TOTL.ZS,Brazil,BRA,4.420399304,6.891283292
"Agriculture, forestry, and fishing, value added (% of GDP)",NV.AGR.TOTL.ZS,British Virgin Islands,VGB,..,..
"Agriculture, forestry, and fishing, value added (% of GDP)",NV.AGR.TOTL.ZS,Brunei Darussalam,BRN,1.017623081,1.256289974
"Agriculture, forestry, and fishing, value added (% of GDP)",NV.AGR.TOTL.ZS,Bulgaria,BGR,3.384615452,3.72867282
"Agriculture, forestry, and fishing, value added (% of GDP)",NV.AGR.TOTL.ZS,Burkina Faso,BFA,20.99747328,..
"Agriculture, forestry, and fishing, value added (% of GDP)",NV.AGR.TOTL.ZS,Burundi,BDI,29.01190049,28.66021865
"Agriculture, forestry, and fishing, value added (% of GDP)",NV.AGR.TOTL.ZS,Cabo Verde,CPV,5.291984295,4.409768718
"Agriculture, forestry, and fishing, value added (% of GDP)",NV.AGR.TOTL.ZS,Cambodia,KHM,22.0129559,22.84750006
"Agriculture, forestry, and fishing, value added (% of GDP)",NV.AGR.TOTL.ZS,Cameroon,CMR,16.4988007,17.24972296
"Agriculture, forestry, and fishing, value added (% of GDP)",NV.AGR.TOTL.ZS,Canada,CAN,1.699891576,..
"Agriculture, forestry, and fishing, value added (% of GDP)",NV.AGR.TOTL.ZS,Cayman Islands,CYM,0.408587438,..
"Agriculture, forestry, and fishing, value added (% of GDP)",NV.AGR.TOTL.ZS,Central African Republic,CAF,31.24133151,30.06692139
"Agriculture, forestry, and fishing, value added (% of GDP)",NV.AGR.TOTL.ZS,Chad,TCD,45.09623634,53.98852574
"Agriculture, forestry, and fishing, value added (% of GDP)",NV.AGR.TOTL.ZS,Channel Islands,CHI,..,..
"Agriculture, forestry, and fishing, value added (% of GDP)",NV.AGR.TOTL.ZS,Chile,CHL,3.927435925,3.284870411
"Agriculture, forestry, and fishing, value added (% of GDP)",NV.AGR.TOTL.ZS,China,CHN,7.043020253,7.264816057
"Agriculture, forestry, and fishing, value added (% of GDP)",NV.AGR.TOTL.ZS,Colombia,COL,6.22570969,7.391630702
"Agriculture, forestry, and fishing, value added (% of GDP)",NV.AGR.TOTL.ZS,Comoros,COM,33.72015306,36.40212145
"Agriculture, forestry, and fishing, value added (% of GDP)",NV.AGR.TOTL.ZS,"Congo, Dem. Rep.",COD,18.88734319,19.43382849
"Agriculture, forestry, and fishing, value added (% of GDP)",NV.AGR.TOTL.ZS,"Congo, Rep.",COG,6.909114704,..
"Agriculture, forestry, and fishing, value added (% of GDP)",NV.AGR.TOTL.ZS,Costa Rica,CRI,4.483828337,4.454211873
"Agriculture, forestry, and fishing, value added (% of GDP)",NV.AGR.TOTL.ZS,Cote d'Ivoire,CIV,20.54857036,..
"Agriculture, forestry, and fishing, value added (% of GDP)",NV.AGR.TOTL.ZS,Croatia,HRV,2.95709187,3.131342544
"Agriculture, forestry, and fishing, value added (% of GDP)",NV.AGR.TOTL.ZS,Cuba,CUB,3.783108446,..
"Agriculture, forestry, and fishing, value added (% of GDP)",NV.AGR.TOTL.ZS,Curacao,CUW,0.154194893,..
"Agriculture, forestry, and fishing, value added (% of GDP)",NV.AGR.TOTL.ZS,Cyprus,CYP,1.733539855,1.769754274
"Agriculture, forestry, and fishing, value added (% of GDP)",NV.AGR.TOTL.ZS,Czech Republic,CZE,1.936644875,1.953948546
"Agriculture, forestry, and fishing, value added (% of GDP)",NV.AGR.TOTL.ZS,Denmark,DNK,1.026569351,0.96719254
"Agriculture, forestry, and fishing, value added (% of GDP)",NV.AGR.TOTL.ZS,Djibouti,DJI,1.416710012,..
"Agriculture, forestry, and fishing, value added (% of GDP)",NV.AGR.TOTL.ZS,Dominica,DMA,11.02357999,17.31572052
"Agriculture, forestry, and fishing, value added (% of GDP)",NV.AGR.TOTL.ZS,Dominican Republic,DOM,5.147782819,5.665782146
"Agriculture, forestry, and fishing, value added (% of GDP)",NV.AGR.TOTL.ZS,Ecuador,ECU,8.949269523,9.414287639
"Agriculture, forestry, and fishing, value added (% of GDP)",NV.AGR.TOTL.ZS,"Egypt, Arab Rep.",EGY,11.22500023,11.83150585
"Agriculture, forestry, and fishing, value added (% of GDP)",NV.AGR.TOTL.ZS,El Salvador,SLV,5.13276853,4.917120612
"Agriculture, forestry, and fishing, value added (% of GDP)",NV.AGR.TOTL.ZS,Equatorial Guinea,GNQ,2.257979677,2.630473918
"Agriculture, forestry, and fishing, value added (% of GDP)",NV.AGR.TOTL.ZS,Eritrea,ERI,..,..
"Agriculture, forestry, and fishing, value added (% of GDP)",NV.AGR.TOTL.ZS,Estonia,EST,2.221009358,2.143330303
"Agriculture, forestry, and fishing, value added (% of GDP)",NV.AGR.TOTL.ZS,Ethiopia,ETH,31.21880078,37.57383326
"Agriculture, forestry, and fishing, value added (% of GDP)",NV.AGR.TOTL.ZS,Faroe Islands,FRO,16.36082048,..
"Agriculture, forestry, and fishing, value added (% of GDP)",NV.AGR.TOTL.ZS,Fiji,FJI,10.90656483,13.81508704
"Agriculture, forestry, and fishing, value added (% of GDP)",NV.AGR.TOTL.ZS,Finland,FIN,2.386622578,2.384811848
"Agriculture, forestry, and fishing, value added (% of GDP)",NV.AGR.TOTL.ZS,France,FRA,1.648876616,1.631492147
"Agriculture, forestry, and fishing, value added (% of GDP)",NV.AGR.TOTL.ZS,French Polynesia,PYF,..,..
"Agriculture, forestry, and fishing, value added (% of GDP)",NV.AGR.TOTL.ZS,Gabon,GAB,5.435952803,6.313037611
"Agriculture, forestry, and fishing, value added (% of GDP)",NV.AGR.TOTL.ZS,"Gambia, The",GMB,19.87159618,19.69990523
"Agriculture, forestry, and fishing, value added (% of GDP)",NV.AGR.TOTL.ZS,Georgia,GEO,6.762198595,6.115724871
"Agriculture, forestry, and fishing, value added (% of GDP)",NV.AGR.TOTL.ZS,Germany,DEU,0.689013201,0.800281184
"Agriculture, forestry, and fishing, value added (% of GDP)",NV.AGR.TOTL.ZS,Ghana,GHA,18.13655055,19.70877538
"Agriculture, forestry, and fishing, value added (% of GDP)",NV.AGR.TOTL.ZS,Gibraltar,GIB,..,..
"Agriculture, forestry, and fishing, value added (% of GDP)",NV.AGR.TOTL.ZS,Greece,GRC,3.635408491,3.897399833
"Agriculture, forestry, and fishing, value added (% of GDP)",NV.AGR.TOTL.ZS,Greenland,GRL,18.4301491,..
"Agriculture, forestry, and fishing, value added (% of GDP)",NV.AGR.TOTL.ZS,Grenada,GRD,5.205454409,5.132262921
"Agriculture, forestry, and fishing, value added (% of GDP)",NV.AGR.TOTL.ZS,Guam,GUM,..,..
"Agriculture, forestry, and fishing, value added (% of GDP)",NV.AGR.TOTL.ZS,Guatemala,GTM,9.455204935,9.911505398
"Agriculture, forestry, and fishing, value added (% of GDP)",NV.AGR.TOTL.ZS,Guinea,GIN,22.32593095,25.50017523
"Agriculture, forestry, and fishing, value added (% of GDP)",NV.AGR.TOTL.ZS,Guinea-Bissau,GNB,30.72370337,..
"Agriculture, forestry, and fishing, value added (% of GDP)",NV.AGR.TOTL.ZS,Guyana,GUY,19.53579387,6.786757919
"Agriculture, forestry, and fishing, value added (% of GDP)",NV.AGR.TOTL.ZS,Haiti,HTI,18.64785769,20.61528579
"Agriculture, forestry, and fishing, value added (% of GDP)",NV.AGR.TOTL.ZS,Honduras,HND,11.61016046,11.04084777
"Agriculture, forestry, and fishing, value added (% of GDP)",NV.AGR.TOTL.ZS,"Hong Kong SAR, China",HKG,0.062142272,..
"Agriculture, forestry, and fishing, value added (% of GDP)",NV.AGR.TOTL.ZS,Hungary,HUN,3.485911692,3.322534757
"Agriculture, forestry, and fishing, value added (% of GDP)",NV.AGR.TOTL.ZS,Iceland,ISL,3.922777196,..
"Agriculture, forestry, and fishing, value added (% of GDP)",NV.AGR.TOTL.ZS,India,IND,16.03163069,16.76676208
"Agriculture, forestry, and fishing, value added (% of GDP)",NV.AGR.TOTL.ZS,Indonesia,IDN,12.80849756,13.28068349
"Agriculture, forestry, and fishing, value added (% of GDP)",NV.AGR.TOTL.ZS,"Iran, Islamic Rep.",IRN,11.2190019,..
"Agriculture, forestry, and fishing, value added (% of GDP)",NV.AGR.TOTL.ZS,Iraq,IRQ,2.815817643,3.951976254
"Agriculture, forestry, and fishing, value added (% of GDP)",NV.AGR.TOTL.ZS,Ireland,IRL,0.888696523,0.991685511
"Agriculture, forestry, and fishing, value added (% of GDP)",NV.AGR.TOTL.ZS,Isle of Man,IMN,0.410935899,..
"Agriculture, forestry, and fishing, value added (% of GDP)",NV.AGR.TOTL.ZS,Israel,ISR,1.191049725,..
"Agriculture, forestry, and fishing, value added (% of GDP)",NV.AGR.TOTL.ZS,Italy,ITA,1.945420074,1.957591948
"Agriculture, forestry, and fishing, value added (% of GDP)",NV.AGR.TOTL.ZS,Jamaica,JAM,6.592227603,8.845638074
"Agriculture, forestry, and fishing, value added (% of GDP)",NV.AGR.TOTL.ZS,Japan,JPN,1.044412143,..
"Agriculture, forestry, and fishing, value added (% of GDP)",NV.AGR.TOTL.ZS,Jordan,JOR,4.840442165,5.245462753
"Agriculture, forestry, and fishing, value added (% of GDP)",NV.AGR.TOTL.ZS,Kazakhstan,KAZ,4.395858103,5.1069904
"Agriculture, forestry, and fishing, value added (% of GDP)",NV.AGR.TOTL.ZS,Kenya,KEN,20.31491042,22.42824552
"Agriculture, forestry, and fishing, value added (% of GDP)",NV.AGR.TOTL.ZS,Kiribati,KIR,29.74428389,..
"Agriculture, forestry, and fishing, value added (% of GDP)",NV.AGR.TOTL.ZS,"Korea, Dem. People's Rep.",PRK,..,..
"Agriculture, forestry, and fishing, value added (% of GDP)",NV.AGR.TOTL.ZS,"Korea, Rep.",KOR,1.746403394,1.838554543
"Agriculture, forestry, and fishing, value added (% of GDP)",NV.AGR.TOTL.ZS,Kosovo,XKX,6.531164333,7.032063108
"Agriculture, forestry, and fishing, value added (% of GDP)",NV.AGR.TOTL.ZS,Kuwait,KWT,0.447338717,..
"Agriculture, forestry, and fishing, value added (% of GDP)",NV.AGR.TOTL.ZS,Kyrgyz Republic,KGZ,11.67528648,14.68220724
"Agriculture, forestry, and fishing, value added (% of GDP)",NV.AGR.TOTL.ZS,Lao PDR,LAO,15.70918682,16.06769702
"Agriculture, forestry, and fishing, value added (% of GDP)",NV.AGR.TOTL.ZS,Latvia,LVA,3.593805161,4.039324528
"Agriculture, forestry, and fishing, value added (% of GDP)",NV.AGR.TOTL.ZS,Lebanon,LBN,3.231897283,..
"Agriculture, forestry, and fishing, value added (% of GDP)",NV.AGR.TOTL.ZS,Lesotho,LSO,4.32156306,4.902083537
"Agriculture, forestry, and fishing, value added (% of GDP)",NV.AGR.TOTL.ZS,Liberia,LBR,35.49669991,37.20565974
"Agriculture, forestry, and fishing, value added (% of GDP)",NV.AGR.TOTL.ZS,Libya,LBY,3.66012922,..
"Agriculture, forestry, and fishing, value added (% of GDP)",NV.AGR.TOTL.ZS,Liechtenstein,LIE,0.139045931,..
"Agriculture, forestry, and fishing, value added (% of GDP)",NV.AGR.TOTL.ZS,Lithuania,LTU,2.879630172,3.304976258
"Agriculture, forestry, and fishing, value added (% of GDP)",NV.AGR.TOTL.ZS,Luxembourg,LUX,0.233119379,0.187097935
"Agriculture, forestry, and fishing, value added (% of GDP)",NV.AGR.TOTL.ZS,"Macao SAR, China",MAC,..,..
"Agriculture, forestry, and fishing, value added (% of GDP)",NV.AGR.TOTL.ZS,North Macedonia,MKD,8.47039847,7.619887755
"Agriculture, forestry, and fishing, value added (% of GDP)",NV.AGR.TOTL.ZS,Madagascar,MDG,24.229804,..
"Agriculture, forestry, and fishing, value added (% of GDP)",NV.AGR.TOTL.ZS,Malawi,MWI,21.62943584,22.73014986
"Agriculture, forestry, and fishing, value added (% of GDP)",NV.AGR.TOTL.ZS,Malaysia,MYS,7.512089533,9.613242997
"Agriculture, forestry, and fishing, value added (% of GDP)",NV.AGR.TOTL.ZS,Maldives,MDV,5.235853287,..
"Agriculture, forestry, and fishing, value added (% of GDP)",NV.AGR.TOTL.ZS,Mali,MLI,37.61244316,36.00032306
"Agriculture, forestry, and fishing, value added (% of GDP)",NV.AGR.TOTL.ZS,Malta,MLT,0.69635926,0.406681285
"Agriculture, forestry, and fishing, value added (% of GDP)",NV.AGR.TOTL.ZS,Marshall Islands,MHL,16.52844524,..
"Agriculture, forestry, and fishing, value added (% of GDP)",NV.AGR.TOTL.ZS,Mauritania,MRT,23.33066332,..
"Agriculture, forestry, and fishing, value added (% of GDP)",NV.AGR.TOTL.ZS,Mauritius,MUS,2.78458866,3.755483752
"Agriculture, forestry, and fishing, value added (% of GDP)",NV.AGR.TOTL.ZS,Mexico,MEX,3.383800383,3.843993581
"Agriculture, forestry, and fishing, value added (% of GDP)",NV.AGR.TOTL.ZS,"Micronesia, Fed. Sts.",FSM,22.51219919,22.48549735
"Agriculture, forestry, and fishing, value added (% of GDP)",NV.AGR.TOTL.ZS,Moldova,MDA,10.27091935,10.38524775
"Agriculture, forestry, and fishing, value added (% of GDP)",NV.AGR.TOTL.ZS,Monaco,MCO,..,..
"Agriculture, forestry, and fishing, value added (% of GDP)",NV.AGR.TOTL.ZS,Mongolia,MNG,11.42800452,13.19136534
"Agriculture, forestry, and fishing, value added (% of GDP)",NV.AGR.TOTL.ZS,Montenegro,MNE,6.732237789,6.31341594
"Agriculture, forestry, and fishing, value added (% of GDP)",NV.AGR.TOTL.ZS,Morocco,MAR,12.21673615,12.64626005
"Agriculture, forestry, and fishing, value added (% of GDP)",NV.AGR.TOTL.ZS,Mozambique,MOZ,24.56767288,..
"Agriculture, forestry, and fishing, value added (% of GDP)",NV.AGR.TOTL.ZS,Myanmar,MMR,23.0027856,23.45938325
"Agriculture, forestry, and fishing, value added (% of GDP)",NV.AGR.TOTL.ZS,Namibia,NAM,7.768297709,9.396955441
"Agriculture, forestry, and fishing, value added (% of GDP)",NV.AGR.TOTL.ZS,Nauru,NRU,..,..
"Agriculture, forestry, and fishing, value added (% of GDP)",NV.AGR.TOTL.ZS,Nepal,NPL,22.33467205,21.31988975
"Agriculture, forestry, and fishing, value added (% of GDP)",NV.AGR.TOTL.ZS,Netherlands,NLD,1.650673719,1.571012142
"Agriculture, forestry, and fishing, value added (% of GDP)",NV.AGR.TOTL.ZS,New Caledonia,NCL,..,..
"Agriculture, forestry, and fishing, value added (% of GDP)",NV.AGR.TOTL.ZS,New Zealand,NZL,5.662576267,..
"Agriculture, forestry, and fishing, value added (% of GDP)",NV.AGR.TOTL.ZS,Nicaragua,NIC,15.32185855,15.48477028
"Agriculture, forestry, and fishing, value added (% of GDP)",NV.AGR.TOTL.ZS,Niger,NER,37.66166253,36.37185669
"Agriculture, forestry, and fishing, value added (% of GDP)",NV.AGR.TOTL.ZS,Nigeria,NGA,21.20377372,23.35705876
"Agriculture, forestry, and fishing, value added (% of GDP)",NV.AGR.TOTL.ZS,Northern Mariana Islands,MNP,..,..
"Agriculture, forestry, and fishing, value added (% of GDP)",NV.AGR.TOTL.ZS,Norway,NOR,1.862995582,1.588076061
"Agriculture, forestry, and fishing, value added (% of GDP)",NV.AGR.TOTL.ZS,Oman,OMN,1.849420191,2.379181354
"Agriculture, forestry, and fishing, value added (% of GDP)",NV.AGR.TOTL.ZS,Pakistan,PAK,21.65123536,22.96446566
"Agriculture, forestry, and fishing, value added (% of GDP)",NV.AGR.TOTL.ZS,Palau,PLW,3.512469266,..
"Agriculture, forestry, and fishing, value added (% of GDP)",NV.AGR.TOTL.ZS,Panama,PAN,2.248462473,2.598862809
"Agriculture, forestry, and fishing, value added (% of GDP)",NV.AGR.TOTL.ZS,Papua New Guinea,PNG,16.97383552,..
"Agriculture, forestry, and fishing, value added (% of GDP)",NV.AGR.TOTL.ZS,Paraguay,PRY,10.25270136,10.11400209
"Agriculture, forestry, and fishing, value added (% of GDP)",NV.AGR.TOTL.ZS,Peru,PER,6.885842851,..
"Agriculture, forestry, and fishing, value added (% of GDP)",NV.AGR.TOTL.ZS,Philippines,PHL,9.650140358,10.06845672
"Agriculture, forestry, and fishing, value added (% of GDP)",NV.AGR.TOTL.ZS,Poland,POL,2.338426296,2.370282897
"Agriculture, forestry, and fishing, value added (% of GDP)",NV.AGR.TOTL.ZS,Portugal,PRT,2.036529883,2.192753181
"Agriculture, forestry, and fishing, value added (% of GDP)",NV.AGR.TOTL.ZS,Puerto Rico,PRI,0.708149616,..
"Agriculture, forestry, and fishing, value added (% of GDP)",NV.AGR.TOTL.ZS,Qatar,QAT,0.218257646,0.298507449
"Agriculture, forestry, and fishing, value added (% of GDP)",NV.AGR.TOTL.ZS,Romania,ROU,4.331834131,4.349701447
"Agriculture, forestry, and fishing, value added (% of GDP)",NV.AGR.TOTL.ZS,Russian Federation,RUS,3.394253381,3.802969241
"Agriculture, forestry, and fishing, value added (% of GDP)",NV.AGR.TOTL.ZS,Rwanda,RWA,24.61187117,24.06210502
"Agriculture, forestry, and fishing, value added (% of GDP)",NV.AGR.TOTL.ZS,Samoa,WSM,9.746916002,10.54838963
"Agriculture, forestry, and fishing, value added (% of GDP)",NV.AGR.TOTL.ZS,San Marino,SMR,0.016408544,..
"Agriculture, forestry, and fishing, value added (% of GDP)",NV.AGR.TOTL.ZS,Sao Tome and Principe,STP,11.11538307,14.94635407
"Agriculture, forestry, and fishing, value added (% of GDP)",NV.AGR.TOTL.ZS,Saudi Arabia,SAU,2.138785646,2.311474089
"Agriculture, forestry, and fishing, value added (% of GDP)",NV.AGR.TOTL.ZS,Senegal,SEN,14.98824785,15.32368028
"Agriculture, forestry, and fishing, value added (% of GDP)",NV.AGR.TOTL.ZS,Serbia,SRB,6.342783371,6.53011447
"Agriculture, forestry, and fishing, value added (% of GDP)",NV.AGR.TOTL.ZS,Seychelles,SYC,2.60511622,2.243015759
"Agriculture, forestry, and fishing, value added (% of GDP)",NV.AGR.TOTL.ZS,Sierra Leone,SLE,58.93440965,..
"Agriculture, forestry, and fishing, value added (% of GDP)",NV.AGR.TOTL.ZS,Singapore,SGP,0.030128117,0.033580081
"Agriculture, forestry, and fishing, value added (% of GDP)",NV.AGR.TOTL.ZS,Sint Maarten (Dutch part),SXM,..,..
"Agriculture, forestry, and fishing, value added (% of GDP)",NV.AGR.TOTL.ZS,Slovak Republic,SVK,2.149858483,1.773531201
"Agriculture, forestry, and fishing, value added (% of GDP)",NV.AGR.TOTL.ZS,Slovenia,SVN,2.245548597,1.844594729
"Agriculture, forestry, and fishing, value added (% of GDP)",NV.AGR.TOTL.ZS,Solomon Islands,SLB,..,..
"Agriculture, forestry, and fishing, value added (% of GDP)",NV.AGR.TOTL.ZS,Somalia,SOM,..,..
"Agriculture, forestry, and fishing, value added (% of GDP)",NV.AGR.TOTL.ZS,South Africa,ZAF,2.275252101,2.430720296
"Agriculture, forestry, and fishing, value added (% of GDP)",NV.AGR.TOTL.ZS,South Sudan,SSD,9.058395931,..
"Agriculture, forestry, and fishing, value added (% of GDP)",NV.AGR.TOTL.ZS,Spain,ESP,2.757594167,2.728073138
"Agriculture, forestry, and fishing, value added (% of GDP)",NV.AGR.TOTL.ZS,Sri Lanka,LKA,8.023787716,9.010238248
"Agriculture, forestry, and fishing, value added (% of GDP)",NV.AGR.TOTL.ZS,St. Kitts and Nevis,KNA,1.086551185,1.555618994
"Agriculture, forestry, and fishing, value added (% of GDP)",NV.AGR.TOTL.ZS,St. Lucia,LCA,1.782177142,1.866650236
"Agriculture, forestry, and fishing, value added (% of GDP)",NV.AGR.TOTL.ZS,St. Martin (French part),MAF,..,..
"Agriculture, forestry, and fishing, value added (% of GDP)",NV.AGR.TOTL.ZS,St. Vincent and the Grenadines,VCT,7.109394349,6.458151569
"Agriculture, forestry, and fishing, value added (% of GDP)",NV.AGR.TOTL.ZS,Sudan,SDN,21.99347316,6.357092128
"Agriculture, forestry, and fishing, value added (% of GDP)",NV.AGR.TOTL.ZS,Suriname,SUR,10.03286165,..
"Agriculture, forestry, and fishing, value added (% of GDP)",NV.AGR.TOTL.ZS,Eswatini,SWZ,8.526884647,8.930399866
"Agriculture, forestry, and fishing, value added (% of GDP)",NV.AGR.TOTL.ZS,Sweden,SWE,1.392786621,1.346970033
"Agriculture, forestry, and fishing, value added (% of GDP)",NV.AGR.TOTL.ZS,Switzerland,CHE,0.635024356,0.623596445
"Agriculture, forestry, and fishing, value added (% of GDP)",NV.AGR.TOTL.ZS,Syrian Arab Republic,SYR,38.98162352,..
"Agriculture, forestry, and fishing, value added (% of GDP)",NV.AGR.TOTL.ZS,Tajikistan,TJK,19.77196478,..
"Agriculture, forestry, and fishing, value added (% of GDP)",NV.AGR.TOTL.ZS,Tanzania,TZA,27.86859954,25.88565335
"Agriculture, forestry, and fishing, value added (% of GDP)",NV.AGR.TOTL.ZS,Thailand,THA,8.201819262,8.547805149
"Agriculture, forestry, and fishing, value added (% of GDP)",NV.AGR.TOTL.ZS,Timor-Leste,TLS,17.44198189,..
"Agriculture, forestry, and fishing, value added (% of GDP)",NV.AGR.TOTL.ZS,Togo,TGO,20.44048838,19.27843789
"Agriculture, forestry, and fishing, value added (% of GDP)",NV.AGR.TOTL.ZS,Tonga,TON,17.0682174,..
"Agriculture, forestry, and fishing, value added (% of GDP)",NV.AGR.TOTL.ZS,Trinidad and Tobago,TTO,1.033186573,..
"Agriculture, forestry, and fishing, value added (% of GDP)",NV.AGR.TOTL.ZS,Tunisia,TUN,9.888525519,9.145991619
"Agriculture, forestry, and fishing, value added (% of GDP)",NV.AGR.TOTL.ZS,Turkiye,TUR,5.776012221,5.64676996
"Agriculture, forestry, and fishing, value added (% of GDP)",NV.AGR.TOTL.ZS,Turkmenistan,TKM,11.04156884,..
"Agriculture, forestry, and fishing, value added (% of GDP)",NV.AGR.TOTL.ZS,Turks and Caicos Islands,TCA,0.390862917,0.431259979
"Agriculture, forestry, and fishing, value added (% of GDP)",NV.AGR.TOTL.ZS,Tuvalu,TUV,..,..
"Agriculture, forestry, and fishing, value added (% of GDP)",NV.AGR.TOTL.ZS,Uganda,UGA,23.25029354,23.79854851
"Agriculture, forestry, and fishing, value added (% of GDP)",NV.AGR.TOTL.ZS,Ukraine,UKR,10.13953311,10.63304573
"Agriculture, forestry, and fishing, value added (% of GDP)",NV.AGR.TOTL.ZS,United Arab Emirates,ARE,0.71873896,..
"Agriculture, forestry, and fishing, value added (% of GDP)",NV.AGR.TOTL.ZS,United Kingdom,GBR,0.576624141,0.602489195
"Agriculture, forestry, and fishing, value added (% of GDP)",NV.AGR.TOTL.ZS,United States,USA,0.909982302,..
"Agriculture, forestry, and fishing, value added (% of GDP)",NV.AGR.TOTL.ZS,Uruguay,URY,5.831527578,6.90679365
"Agriculture, forestry, and fishing, value added (% of GDP)",NV.AGR.TOTL.ZS,Uzbekistan,UZB,26.76078031,24.98251727
"Agriculture, forestry, and fishing, value added (% of GDP)",NV.AGR.TOTL.ZS,Vanuatu,VUT,21.21918787,..
"Agriculture, forestry, and fishing, value added (% of GDP)",NV.AGR.TOTL.ZS,"Venezuela, RB",VEN,..,..
"Agriculture, forestry, and fishing, value added (% of GDP)",NV.AGR.TOTL.ZS,Vietnam,VNM,..,..
"Agriculture, forestry, and fishing, value added (% of GDP)",NV.AGR.TOTL.ZS,Virgin Islands (U.S.),VIR,..,..
"Agriculture, forestry, and fishing, value added (% of GDP)",NV.AGR.TOTL.ZS,West Bank and Gaza,PSE,7.359645135,..
"Agriculture, forestry, and fishing, value added (% of GDP)",NV.AGR.TOTL.ZS,"Yemen, Rep.",YEM,5.000962233,..
"Agriculture, forestry, and fishing, value added (% of GDP)",NV.AGR.TOTL.ZS,Zambia,ZMB,3.341123992,2.964328208
"Agriculture, forestry, and fishing, value added (% of GDP)",NV.AGR.TOTL.ZS,Zimbabwe,ZWE,10.52095504,..
GDP per capita (current US$),NY.GDP.PCAP.CD,Afghanistan,AFG,485.6684187,..
GDP per capita (current US$),NY.GDP.PCAP.CD,Albania,ALB,5287.663694,6494.385713
GDP per capita (current US$),NY.GDP.PCAP.CD,Algeria,DZA,4142.018558,3765.034625
GDP per capita (current US$),NY.GDP.PCAP.CD,American Samoa,ASM,11521.60978,..
GDP per capita (current US$),NY.GDP.PCAP.CD,Andorra,AND,41793.31884,43047.68627
GDP per capita (current US$),NY.GDP.PCAP.CD,Angola,AGO,2524.942483,2137.909393
GDP per capita (current US$),NY.GDP.PCAP.CD,Antigua and Barbuda,ATG,16679.59166,14900.7974
GDP per capita (current US$),NY.GDP.PCAP.CD,Argentina,ARG,11795.15939,10729.23258
GDP per capita (current US$),NY.GDP.PCAP.CD,Armenia,ARM,4220.540321,4670.008798
GDP per capita (current US$),NY.GDP.PCAP.CD,Aruba,ABW,30253.71423,..
GDP per capita (current US$),NY.GDP.PCAP.CD,Australia,AUS,57180.7794,59934.12941
GDP per capita (current US$),NY.GDP.PCAP.CD,Austria,AUT,51486.5755,53267.93275
GDP per capita (current US$),NY.GDP.PCAP.CD,Azerbaijan,AZE,4739.84171,5384.034998
GDP per capita (current US$),NY.GDP.PCAP.CD,"Bahamas, The",BHS,33077.39183,28239.36671
GDP per capita (current US$),NY.GDP.PCAP.CD,Bahrain,BHR,24086.30169,22232.32523
GDP per capita (current US$),NY.GDP.PCAP.CD,Bangladesh,BGD,1991.483267,2503.04388
GDP per capita (current US$),NY.GDP.PCAP.CD,Barbados,BRB,17782.87473,17033.93719
GDP per capita (current US$),NY.GDP.PCAP.CD,Belarus,BLR,6360.062473,7303.696266
GDP per capita (current US$),NY.GDP.PCAP.CD,Belgium,BEL,47549.20805,51767.78857
GDP per capita (current US$),NY.GDP.PCAP.CD,Belize,BLZ,4927.194224,4420.491372
GDP per capita (current US$),NY.GDP.PCAP.CD,Benin,BEN,1241.825298,1428.447177
GDP per capita (current US$),NY.GDP.PCAP.CD,Bermuda,BMU,113050.7369,110869.4631
GDP per capita (current US$),NY.GDP.PCAP.CD,Bhutan,BTN,3243.477437,..
GDP per capita (current US$),NY.GDP.PCAP.CD,Bolivia,BOL,3548.59078,3414.892849
GDP per capita (current US$),NY.GDP.PCAP.CD,Bosnia and Herzegovina,BIH,6070.35298,6916.438315
GDP per capita (current US$),NY.GDP.PCAP.CD,Botswana,BWA,7503.878588,7347.552382
GDP per capita (current US$),NY.GDP.PCAP.CD,Brazil,BRA,9151.381732,7518.834284
GDP per capita (current US$),NY.GDP.PCAP.CD,British Virgin Islands,VGB,..,..
GDP per capita (current US$),NY.GDP.PCAP.CD,Brunei Darussalam,BRN,31628.47626,31722.66014
GDP per capita (current US$),NY.GDP.PCAP.CD,Bulgaria,BGR,9446.700772,11634.97102
GDP per capita (current US$),NY.GDP.PCAP.CD,Burkina Faso,BFA,804.5005378,918.1525819
GDP per capita (current US$),NY.GDP.PCAP.CD,Burundi,BDI,238.0343096,236.7954142
GDP per capita (current US$),NY.GDP.PCAP.CD,Cabo Verde,CPV,3616.460666,3445.756536
GDP per capita (current US$),NY.GDP.PCAP.CD,Cambodia,KHM,1512.126989,1590.95666
GDP per capita (current US$),NY.GDP.PCAP.CD,Cameroon,CMR,1585.240534,1661.702105
GDP per capita (current US$),NY.GDP.PCAP.CD,Canada,CAN,46548.63841,52051.35146
GDP per capita (current US$),NY.GDP.PCAP.CD,Cayman Islands,CYM,86180.53969,..
GDP per capita (current US$),NY.GDP.PCAP.CD,Central African Republic,CAF,475.9538139,511.4847456
GDP per capita (current US$),NY.GDP.PCAP.CD,Chad,TCD,726.1510071,696.4227755
GDP per capita (current US$),NY.GDP.PCAP.CD,Channel Islands,CHI,..,..
GDP per capita (current US$),NY.GDP.PCAP.CD,Chile,CHL,15772.33348,16502.83857
GDP per capita (current US$),NY.GDP.PCAP.CD,China,CHN,9905.342004,12556.33312
GDP per capita (current US$),NY.GDP.PCAP.CD,Colombia,COL,6729.583332,6131.225922
GDP per capita (current US$),NY.GDP.PCAP.CD,Comoros,COM,1428.290463,1494.687693
GDP per capita (current US$),NY.GDP.PCAP.CD,"Congo, Dem. Rep.",COD,565.8295429,584.1064092
GDP per capita (current US$),NY.GDP.PCAP.CD,"Congo, Rep.",COG,2606.615526,2213.880863
GDP per capita (current US$),NY.GDP.PCAP.CD,Costa Rica,CRI,12485.4239,12508.61563
GDP per capita (current US$),NY.GDP.PCAP.CD,Cote d'Ivoire,CIV,2314.050958,2578.760412
GDP per capita (current US$),NY.GDP.PCAP.CD,Croatia,HRV,15227.5601,17398.76598
GDP per capita (current US$),NY.GDP.PCAP.CD,Cuba,CUB,8824.194008,..
GDP per capita (current US$),NY.GDP.PCAP.CD,Curacao,CUW,18956.09791,..
GDP per capita (current US$),NY.GDP.PCAP.CD,Cyprus,CYP,29334.11133,30798.47656
GDP per capita (current US$),NY.GDP.PCAP.CD,Czech Republic,CZE,23419.73561,26378.49996
GDP per capita (current US$),NY.GDP.PCAP.CD,Denmark,DNK,61591.92887,67803.0471
GDP per capita (current US$),NY.GDP.PCAP.CD,Djibouti,DJI,3038.269738,3363.712048
GDP per capita (current US$),NY.GDP.PCAP.CD,Dominica,DMA,7745.376963,7559.975039
GDP per capita (current US$),NY.GDP.PCAP.CD,Dominican Republic,DOM,8050.644076,8603.789905
GDP per capita (current US$),NY.GDP.PCAP.CD,Ecuador,ECU,6295.934662,5934.875496
GDP per capita (current US$),NY.GDP.PCAP.CD,"Egypt, Arab Rep.",EGY,2537.125185,3876.359594
GDP per capita (current US$),NY.GDP.PCAP.CD,El Salvador,SLV,4052.624775,4408.520365
GDP per capita (current US$),NY.GDP.PCAP.CD,Equatorial Guinea,GNQ,10005.61604,8462.28633
GDP per capita (current US$),NY.GDP.PCAP.CD,Eritrea,ERI,..,..
GDP per capita (current US$),NY.GDP.PCAP.CD,Estonia,EST,23063.56382,27280.65844
GDP per capita (current US$),NY.GDP.PCAP.CD,Ethiopia,ETH,771.5248663,943.9656842
GDP per capita (current US$),NY.GDP.PCAP.CD,Faroe Islands,FRO,65572.60753,..
GDP per capita (current US$),NY.GDP.PCAP.CD,Fiji,FJI,6317.413723,5085.971642
GDP per capita (current US$),NY.GDP.PCAP.CD,Finland,FIN,49988.91085,53982.61427
GDP per capita (current US$),NY.GDP.PCAP.CD,France,FRA,41592.7959,43518.53851
GDP per capita (current US$),NY.GDP.PCAP.CD,French Polynesia,PYF,22094.75746,..
GDP per capita (current US$),NY.GDP.PCAP.CD,Gabon,GAB,7959.007267,8016.990495
GDP per capita (current US$),NY.GDP.PCAP.CD,"Gambia, The",GMB,732.7207273,835.5944214
GDP per capita (current US$),NY.GDP.PCAP.CD,Georgia,GEO,4722.042423,5042.385528
GDP per capita (current US$),NY.GDP.PCAP.CD,Germany,DEU,47973.60762,50801.78671
GDP per capita (current US$),NY.GDP.PCAP.CD,Ghana,GHA,2260.860567,2445.290749
GDP per capita (current US$),NY.GDP.PCAP.CD,Gibraltar,GIB,..,..
GDP per capita (current US$),NY.GDP.PCAP.CD,Greece,GRC,19756.99046,20276.54467
GDP per capita (current US$),NY.GDP.PCAP.CD,Greenland,GRL,54545.29998,..
GDP per capita (current US$),NY.GDP.PCAP.CD,Grenada,GRD,10466.88221,9928.621733
GDP per capita (current US$),NY.GDP.PCAP.CD,Guam,GUM,36556.67491,..
GDP per capita (current US$),NY.GDP.PCAP.CD,Guatemala,GTM,4478.424646,5025.575573
GDP per capita (current US$),NY.GDP.PCAP.CD,Guinea,GIN,955.1112811,1174.352972
GDP per capita (current US$),NY.GDP.PCAP.CD,Guinea-Bissau,GNB,802.7673851,812.962373
GDP per capita (current US$),NY.GDP.PCAP.CD,Guyana,GUY,6145.819277,9374.80457
GDP per capita (current US$),NY.GDP.PCAP.CD,Haiti,HTI,1479.345827,1814.674048
GDP per capita (current US$),NY.GDP.PCAP.CD,Honduras,HND,2510.322943,2831.033021
GDP per capita (current US$),NY.GDP.PCAP.CD,"Hong Kong SAR, China",HKG,48537.56689,49660.63424
GDP per capita (current US$),NY.GDP.PCAP.CD,Hungary,HUN,16427.37276,18772.67329
GDP per capita (current US$),NY.GDP.PCAP.CD,Iceland,ISL,74469.80406,68383.76534
GDP per capita (current US$),NY.GDP.PCAP.CD,India,IND,1998.259076,2277.434347
GDP per capita (current US$),NY.GDP.PCAP.CD,Indonesia,IDN,3893.859578,4291.812554
GDP per capita (current US$),NY.GDP.PCAP.CD,"Iran, Islamic Rep.",IRN,4046.341864,..
GDP per capita (current US$),NY.GDP.PCAP.CD,Iraq,IRQ,5915.850854,5048.387813
GDP per capita (current US$),NY.GDP.PCAP.CD,Ireland,IRL,79107.60499,99152.10257
GDP per capita (current US$),NY.GDP.PCAP.CD,Isle of Man,IMN,89112.66772,..
GDP per capita (current US$),NY.GDP.PCAP.CD,Israel,ISR,42063.45313,51430.07968
GDP per capita (current US$),NY.GDP.PCAP.CD,Italy,ITA,34622.16967,35551.28499
GDP per capita (current US$),NY.GDP.PCAP.CD,Jamaica,JAM,5359.993789,4586.650509
GDP per capita (current US$),NY.GDP.PCAP.CD,Japan,JPN,39727.1166,39285.16311
GDP per capita (current US$),NY.GDP.PCAP.CD,Jordan,JOR,4308.151074,4405.839424
GDP per capita (current US$),NY.GDP.PCAP.CD,Kazakhstan,KAZ,9812.626371,10041.48984
GDP per capita (current US$),NY.GDP.PCAP.CD,Kenya,KEN,1794.091175,2006.83224
GDP per capita (current US$),NY.GDP.PCAP.CD,Kiribati,KIR,1693.950155,..
GDP per capita (current US$),NY.GDP.PCAP.CD,"Korea, Dem. People's Rep.",PRK,..,..
GDP per capita (current US$),NY.GDP.PCAP.CD,"Korea, Rep.",KOR,33436.92306,34757.72007
GDP per capita (current US$),NY.GDP.PCAP.CD,Kosovo,XKX,4384.048892,4986.582469
GDP per capita (current US$),NY.GDP.PCAP.CD,Kuwait,KWT,33399.06048,..
GDP per capita (current US$),NY.GDP.PCAP.CD,Kyrgyz Republic,KGZ,1308.140165,1276.242643
GDP per capita (current US$),NY.GDP.PCAP.CD,Lao PDR,LAO,2569.093892,2551.326081
GDP per capita (current US$),NY.GDP.PCAP.CD,Latvia,LVA,17865.03109,20642.16792
GDP per capita (current US$),NY.GDP.PCAP.CD,Lebanon,LBN,8003.827612,2670.441956
GDP per capita (current US$),NY.GDP.PCAP.CD,Lesotho,LSO,1192.48432,1166.461667
GDP per capita (current US$),NY.GDP.PCAP.CD,Liberia,LBR,710.2659984,673.0890671
GDP per capita (current US$),NY.GDP.PCAP.CD,Libya,LBY,11482.13364,6018.445207
GDP per capita (current US$),NY.GDP.PCAP.CD,Liechtenstein,LIE,176499.4026,..
GDP per capita (current US$),NY.GDP.PCAP.CD,Lithuania,LTU,19186.18128,23433.39091
GDP per capita (current US$),NY.GDP.PCAP.CD,Luxembourg,LUX,117254.7404,135682.7943
GDP per capita (current US$),NY.GDP.PCAP.CD,"Macao SAR, China",MAC,87526.07999,45421.62663
GDP per capita (current US$),NY.GDP.PCAP.CD,North Macedonia,MKD,6108.740108,6720.896285
GDP per capita (current US$),NY.GDP.PCAP.CD,Madagascar,MDG,518.401123,514.9058618
GDP per capita (current US$),NY.GDP.PCAP.CD,Malawi,MWI,544.5934593,642.6569158
GDP per capita (current US$),NY.GDP.PCAP.CD,Malaysia,MYS,11380.07922,11371.09902
GDP per capita (current US$),NY.GDP.PCAP.CD,Maldives,MDV,10279.07998,8994.641352
GDP per capita (current US$),NY.GDP.PCAP.CD,Mali,MLI,894.8048435,917.9130633
GDP per capita (current US$),NY.GDP.PCAP.CD,Malta,MLT,31573.11656,33257.42203
GDP per capita (current US$),NY.GDP.PCAP.CD,Marshall Islands,MHL,3793.550983,4170.981918
GDP per capita (current US$),NY.GDP.PCAP.CD,Mauritania,MRT,1669.773476,1723.013866
GDP per capita (current US$),NY.GDP.PCAP.CD,Mauritius,MUS,11208.34382,8812.108249
GDP per capita (current US$),NY.GDP.PCAP.CD,Mexico,MEX,9686.984927,9926.422768
GDP per capita (current US$),NY.GDP.PCAP.CD,"Micronesia, Fed. Sts.",FSM,3568.291016,3476.650895
GDP per capita (current US$),NY.GDP.PCAP.CD,Moldova,MDA,4230.626969,5314.531461
GDP per capita (current US$),NY.GDP.PCAP.CD,Monaco,MCO,185978.6093,..
GDP per capita (current US$),NY.GDP.PCAP.CD,Mongolia,MNG,4156.84697,4534.918589
GDP per capita (current US$),NY.GDP.PCAP.CD,Montenegro,MNE,8850.378404,9367.016884
GDP per capita (current US$),NY.GDP.PCAP.CD,Morocco,MAR,3226.98291,3496.758301
GDP per capita (current US$),NY.GDP.PCAP.CD,Mozambique,MOZ,503.3020092,500.4448085
GDP per capita (current US$),NY.GDP.PCAP.CD,Myanmar,MMR,1250.173685,1187.238484
GDP per capita (current US$),NY.GDP.PCAP.CD,Namibia,NAM,5588.392864,4729.270937
GDP per capita (current US$),NY.GDP.PCAP.CD,Nauru,NRU,11614.66508,12252.2668
GDP per capita (current US$),NY.GDP.PCAP.CD,Nepal,NPL,1178.525957,1222.878794
GDP per capita (current US$),NY.GDP.PCAP.CD,Netherlands,NLD,53044.53244,58061.00167
GDP per capita (current US$),NY.GDP.PCAP.CD,New Caledonia,NCL,36382.49553,..
GDP per capita (current US$),NY.GDP.PCAP.CD,New Zealand,NZL,43250.44097,48801.68513
GDP per capita (current US$),NY.GDP.PCAP.CD,Nicaragua,NIC,2014.575189,2090.753461
GDP per capita (current US$),NY.GDP.PCAP.CD,Niger,NER,570.723922,594.9251089
GDP per capita (current US$),NY.GDP.PCAP.CD,Nigeria,NGA,2027.778549,2085.030765
GDP per capita (current US$),NY.GDP.PCAP.CD,Northern Mariana Islands,MNP,22886.67405,..
GDP per capita (current US$),NY.GDP.PCAP.CD,Norway,NOR,82267.80932,89202.75054
GDP per capita (current US$),NY.GDP.PCAP.CD,Oman,OMN,18947.3665,16439.29645
GDP per capita (current US$),NY.GDP.PCAP.CD,Pakistan,PAK,1678.04315,1537.936411
GDP per capita (current US$),NY.GDP.PCAP.CD,Palau,PLW,15895.2599,..
GDP per capita (current US$),NY.GDP.PCAP.CD,Panama,PAN,15544.99908,14516.45805
GDP per capita (current US$),NY.GDP.PCAP.CD,Papua New Guinea,PNG,2801.371393,2916.357349
GDP per capita (current US$),NY.GDP.PCAP.CD,Paraguay,PRY,5782.78455,5400.103826
GDP per capita (current US$),NY.GDP.PCAP.CD,Peru,PER,6958.497262,6692.248375
GDP per capita (current US$),NY.GDP.PCAP.CD,Philippines,PHL,3252.110274,3548.828323
GDP per capita (current US$),NY.GDP.PCAP.CD,Poland,POL,15468.48222,17840.92105
GDP per capita (current US$),NY.GDP.PCAP.CD,Portugal,PRT,23562.55452,24262.18094
GDP per capita (current US$),NY.GDP.PCAP.CD,Puerto Rico,PRI,31604.70151,..
GDP per capita (current US$),NY.GDP.PCAP.CD,Qatar,QAT,65907.94843,61275.99827
GDP per capita (current US$),NY.GDP.PCAP.CD,Romania,ROU,12398.98198,14861.90917
GDP per capita (current US$),NY.GDP.PCAP.CD,Russian Federation,RUS,11287.36035,12172.78516
GDP per capita (current US$),NY.GDP.PCAP.CD,Rwanda,RWA,783.8127901,833.8298757
GDP per capita (current US$),NY.GDP.PCAP.CD,Samoa,WSM,4187.504787,3939.113696
GDP per capita (current US$),NY.GDP.PCAP.CD,San Marino,SMR,48996.59299,..
GDP per capita (current US$),NY.GDP.PCAP.CD,Sao Tome and Principe,STP,1953.513257,2449.333442
GDP per capita (current US$),NY.GDP.PCAP.CD,Saudi Arabia,SAU,24228.83904,23585.88563
GDP per capita (current US$),NY.GDP.PCAP.CD,Senegal,SEN,1458.081584,1606.472061
GDP per capita (current US$),NY.GDP.PCAP.CD,Serbia,SRB,7252.401858,9214.993546
GDP per capita (current US$),NY.GDP.PCAP.CD,Seychelles,SYC,16910.66792,13306.7256
GDP per capita (current US$),NY.GDP.PCAP.CD,Sierra Leone,SLE,533.9915333,515.9320918
GDP per capita (current US$),NY.GDP.PCAP.CD,Singapore,SGP,66859.33834,72794.00302
GDP per capita (current US$),NY.GDP.PCAP.CD,Sint Maarten (Dutch part),SXM,28988.25921,..
GDP per capita (current US$),NY.GDP.PCAP.CD,Slovak Republic,SVK,19389.98216,21087.8461
GDP per capita (current US$),NY.GDP.PCAP.CD,Slovenia,SVN,26116.85636,29200.81988
GDP per capita (current US$),NY.GDP.PCAP.CD,Solomon Islands,SLB,2411.897904,2336.968134
GDP per capita (current US$),NY.GDP.PCAP.CD,Somalia,SOM,389.8313955,445.7790165
GDP per capita (current US$),NY.GDP.PCAP.CD,South Africa,ZAF,7005.095413,6994.211654
GDP per capita (current US$),NY.GDP.PCAP.CD,South Sudan,SSD,..,..
GDP per capita (current US$),NY.GDP.PCAP.CD,Spain,ESP,30364.57994,30115.70589
GDP per capita (current US$),NY.GDP.PCAP.CD,Sri Lanka,LKA,4059.20823,3814.715219
GDP per capita (current US$),NY.GDP.PCAP.CD,St. Kitts and Nevis,KNA,20567.25826,18230.13235
GDP per capita (current US$),NY.GDP.PCAP.CD,St. Lucia,LCA,11353.71523,9570.995457
GDP per capita (current US$),NY.GDP.PCAP.CD,St. Martin (French part),MAF,..,..
GDP per capita (current US$),NY.GDP.PCAP.CD,St. Vincent and the Grenadines,VCT,8024.028496,7996.614002
GDP per capita (current US$),NY.GDP.PCAP.CD,Sudan,SDN,773.5070801,764.3410034
GDP per capita (current US$),NY.GDP.PCAP.CD,Suriname,SUR,6938.086981,4836.332633
GDP per capita (current US$),NY.GDP.PCAP.CD,Eswatini,SWZ,4107.094431,4214.861688
GDP per capita (current US$),NY.GDP.PCAP.CD,Sweden,SWE,54589.06039,60238.98656
GDP per capita (current US$),NY.GDP.PCAP.CD,Switzerland,CHE,86388.40495,93457.4404
GDP per capita (current US$),NY.GDP.PCAP.CD,Syrian Arab Republic,SYR,1265.60619,..
GDP per capita (current US$),NY.GDP.PCAP.CD,Tajikistan,TJK,853.2188734,897.087902
GDP per capita (current US$),NY.GDP.PCAP.CD,Tanzania,TZA,1042.838745,1135.539673
GDP per capita (current US$),NY.GDP.PCAP.CD,Thailand,THA,7298.947146,7233.388858
GDP per capita (current US$),NY.GDP.PCAP.CD,Timor-Leste,TLS,1249.138351,1457.825128
GDP per capita (current US$),NY.GDP.PCAP.CD,Togo,TGO,901.5230169,992.3284294
GDP per capita (current US$),NY.GDP.PCAP.CD,Tonga,TON,4740.700272,..
GDP per capita (current US$),NY.GDP.PCAP.CD,Trinidad and Tobago,TTO,17139.18567,15243.12287
GDP per capita (current US$),NY.GDP.PCAP.CD,Tunisia,TUN,3690.896932,3924.343925
GDP per capita (current US$),NY.GDP.PCAP.CD,Turkiye,TUR,9454.348443,9586.61245
GDP per capita (current US$),NY.GDP.PCAP.CD,Turkmenistan,TKM,6967.375043,..
GDP per capita (current US$),NY.GDP.PCAP.CD,Turks and Caicos Islands,TCA,29553.1367,24047.05471
GDP per capita (current US$),NY.GDP.PCAP.CD,Tuvalu,TUV,4156.305128,5291.485244
GDP per capita (current US$),NY.GDP.PCAP.CD,Uganda,UGA,770.6007843,858.0575127
GDP per capita (current US$),NY.GDP.PCAP.CD,Ukraine,UKR,3096.561768,4835.571777
GDP per capita (current US$),NY.GDP.PCAP.CD,United Arab Emirates,ARE,43839.32449,..
GDP per capita (current US$),NY.GDP.PCAP.CD,United Kingdom,GBR,43646.95197,47334.35531
GDP per capita (current US$),NY.GDP.PCAP.CD,United States,USA,62805.25376,69287.53659
GDP per capita (current US$),NY.GDP.PCAP.CD,Uruguay,URY,18703.86029,17020.64864
GDP per capita (current US$),NY.GDP.PCAP.CD,Uzbekistan,UZB,1597.068337,1983.064723
GDP per capita (current US$),NY.GDP.PCAP.CD,Vanuatu,VUT,3125.436014,3127.446248
GDP per capita (current US$),NY.GDP.PCAP.CD,"Venezuela, RB",VEN,..,..
GDP per capita (current US$),NY.GDP.PCAP.CD,Vietnam,VNM,3230.927713,3694.019046
GDP per capita (current US$),NY.GDP.PCAP.CD,Virgin Islands (U.S.),VIR,36653.86305,..
GDP per capita (current US$),NY.GDP.PCAP.CD,West Bank and Gaza,PSE,3562.330943,3663.969055
GDP per capita (current US$),NY.GDP.PCAP.CD,"Yemen, Rep.",YEM,758.1459489,690.759273
GDP per capita (current US$),NY.GDP.PCAP.CD,Zambia,ZMB,1516.368371,1120.630171
GDP per capita (current US$),NY.GDP.PCAP.CD,Zimbabwe,ZWE,1254.642265,1737.173977
,,,,,
,,,,,
,,,,,
Data from database: World Development Indicators,,,,,
Last Updated: 07/20/2022,,,,,